{"cameraMode":{"drawMode":0,"name":"Shaded","section":"Shading Mode"},"sceneLighting":true,"audioPlay":false,"sceneViewState":{"showFog":true,"showMaterialUpdate":true,"showSkybox":true,"showFlares":true,"showImageEffects":true,"showParticleSystems":true},"in2DMode":false,"pivot":{"x":-1.9982857704162598,"y":2.806562662124634,"z":5.504395008087158},"rotation":{"x":0.03892022371292114,"y":0.7479358315467835,"z":-0.661166250705719,"w":0.04402600973844528},"size":17.6474666595459,"orthographic":false}