{"cameraMode":{"drawMode":0,"name":"Shaded","section":"Shading Mode"},"sceneLighting":true,"audioPlay":false,"sceneViewState":{"showFog":true,"showMaterialUpdate":true,"showSkybox":true,"showFlares":true,"showImageEffects":true,"showParticleSystems":true},"in2DMode":false,"pivot":{"x":-13.178092956542969,"y":-40.03952407836914,"z":-52.175926208496097},"rotation":{"x":0.071535624563694,"y":-0.9234942197799683,"z":0.3116847574710846,"w":0.2119572013616562},"size":191.88629150390626,"orthographic":false}