{"cameraMode":{"drawMode":0,"name":"Shaded","section":"Shading Mode"},"sceneLighting":false,"audioPlay":false,"sceneViewState":{"showFog":true,"showMaterialUpdate":true,"showSkybox":false,"showFlares":true,"showImageEffects":true,"showParticleSystems":true},"in2DMode":false,"pivot":{"x":0.609044075012207,"y":8.585432052612305,"z":-0.3226925730705261},"rotation":{"x":0.04650244861841202,"y":0.7112671136856079,"z":-0.047202255576848987,"w":0.6998308300971985},"size":2.4247450828552248,"orthographic":false}