{"cameraMode":{"drawMode":0,"name":"Shaded","section":"Shading Mode"},"sceneLighting":true,"audioPlay":false,"sceneViewState":{"showFog":true,"showMaterialUpdate":true,"showSkybox":true,"showFlares":true,"showImageEffects":true,"showParticleSystems":true},"in2DMode":false,"pivot":{"x":443.52825927734377,"y":354.4668884277344,"z":-26.174072265625},"rotation":{"x":0.1281498670578003,"y":-0.08706662058830261,"z":-0.011275814846158028,"w":-0.9878869652748108},"size":563.3861694335938,"orthographic":false}