{"cameraMode":{"drawMode":0,"name":"Shaded","section":"Shading Mode"},"sceneLighting":true,"audioPlay":false,"sceneViewState":{"showFog":true,"showMaterialUpdate":true,"showSkybox":true,"showFlares":true,"showImageEffects":true,"showParticleSystems":true},"in2DMode":false,"pivot":{"x":-20.18726348876953,"y":6.703556537628174,"z":-40.370994567871097},"rotation":{"x":0.0829526036977768,"y":0.12909145653247834,"z":-0.010602273046970368,"w":0.9881895184516907},"size":4.458412170410156,"orthographic":false}