{"cameraMode":{"drawMode":0,"name":"Shaded","section":"Shading Mode"},"sceneLighting":true,"audioPlay":false,"sceneViewState":{"showFog":true,"showMaterialUpdate":true,"showSkybox":true,"showFlares":true,"showImageEffects":true,"showParticleSystems":true},"in2DMode":false,"pivot":{"x":-7.011809349060059,"y":4.078542709350586,"z":118.3336181640625},"rotation":{"x":-0.22988790273666383,"y":0.6718610525131226,"z":-0.2323838323354721,"w":-0.6646463871002197},"size":56.17131042480469,"orthographic":false}