{"cameraMode":{"drawMode":0,"name":"Shaded","section":"Shading Mode"},"sceneLighting":true,"audioPlay":false,"sceneViewState":{"showFog":true,"showMaterialUpdate":true,"showSkybox":true,"showFlares":true,"showImageEffects":true,"showParticleSystems":true},"in2DMode":false,"pivot":{"x":-11.982715606689454,"y":37.80905532836914,"z":-114.38644409179688},"rotation":{"x":-0.45703861117362978,"y":0.48312926292419436,"z":-0.3294636607170105,"w":-0.670206606388092},"size":25.52239418029785,"orthographic":false}