{"cameraMode":{"drawMode":0,"name":"Shaded","section":"Shading Mode"},"sceneLighting":true,"audioPlay":false,"sceneViewState":{"showFog":true,"showMaterialUpdate":true,"showSkybox":true,"showFlares":true,"showImageEffects":true,"showParticleSystems":true},"in2DMode":false,"pivot":{"x":7.020853042602539,"y":42.26279067993164,"z":132.7502899169922},"rotation":{"x":-0.6195594668388367,"y":0.18242228031158448,"z":-0.15102285146713258,"w":-0.7483862042427063},"size":3.0439891815185549,"orthographic":false}