{"cameraMode":{"drawMode":0,"name":"Shaded","section":"Shading Mode"},"sceneLighting":true,"audioPlay":false,"sceneViewState":{"showFog":true,"showMaterialUpdate":true,"showSkybox":true,"showFlares":true,"showImageEffects":true,"showParticleSystems":true},"in2DMode":false,"pivot":{"x":769.9713745117188,"y":448.45135498046877,"z":93.18624877929688},"rotation":{"x":-0.02249782904982567,"y":0.007498298306018114,"z":0.00016403883637394756,"w":0.9997256994247437},"size":689.6461791992188,"orthographic":false}