{"cameraMode":{"drawMode":0,"name":"Shaded","section":"Shading Mode"},"sceneLighting":true,"audioPlay":false,"sceneViewState":{"showFog":true,"showMaterialUpdate":true,"showSkybox":true,"showFlares":true,"showImageEffects":true,"showParticleSystems":true},"in2DMode":false,"pivot":{"x":0.7110118865966797,"y":4.421999931335449,"z":0.6072958707809448},"rotation":{"x":-0.0028353664092719557,"y":-0.7763669490814209,"z":-0.003494241740554571,"w":0.6302703619003296},"size":3.5817654132843019,"orthographic":false}