{"cameraMode":{"drawMode":0,"name":"Shaded","section":"Shading Mode"},"sceneLighting":true,"audioPlay":false,"sceneViewState":{"showFog":true,"showMaterialUpdate":true,"showSkybox":true,"showFlares":true,"showImageEffects":true,"showParticleSystems":true},"in2DMode":false,"pivot":{"x":835.943115234375,"y":303.4921875,"z":98.61221313476563},"rotation":{"x":-0.08390380442142487,"y":0.005080883391201496,"z":-0.00039932550862431526,"w":-0.9964892864227295},"size":558.2053833007813,"orthographic":false}