{"cameraMode":{"drawMode":0,"name":"Shaded","section":"Shading Mode"},"sceneLighting":true,"audioPlay":false,"sceneViewState":{"showFog":true,"showMaterialUpdate":true,"showSkybox":true,"showFlares":true,"showImageEffects":true,"showParticleSystems":true},"in2DMode":false,"pivot":{"x":-1.5269794464111329,"y":-10.699260711669922,"z":-9.762880325317383},"rotation":{"x":-0.004101415630429983,"y":0.8820698857307434,"z":-0.4710519313812256,"w":-0.007676652632653713},"size":38.92398452758789,"orthographic":false}