{"cameraMode":{"drawMode":0,"name":"Shaded","section":"Shading Mode"},"sceneLighting":true,"audioPlay":false,"sceneViewState":{"showFog":true,"showMaterialUpdate":true,"showSkybox":true,"showFlares":true,"showImageEffects":true,"showParticleSystems":true},"in2DMode":false,"pivot":{"x":31.766502380371095,"y":11.894790649414063,"z":1.1471118927001954},"rotation":{"x":0.010731992311775685,"y":-0.947897732257843,"z":0.3170759975910187,"w":0.031522706151008609},"size":38.328338623046878,"orthographic":false}