{"cameraMode":{"drawMode":0,"name":"Shaded","section":"Shading Mode"},"sceneLighting":true,"audioPlay":false,"sceneViewState":{"showFog":true,"showMaterialUpdate":true,"showSkybox":true,"showFlares":true,"showImageEffects":true,"showParticleSystems":true},"in2DMode":false,"pivot":{"x":0.8036903142929077,"y":-5.30047607421875,"z":-25.993263244628908},"rotation":{"x":-0.702222466468811,"y":0.00043150625424459577,"z":-0.0004062252992298454,"w":-0.7119770646095276},"size":129.85203552246095,"orthographic":false}