{"cameraMode":{"drawMode":0,"name":"Shaded","section":"Shading Mode"},"sceneLighting":true,"audioPlay":false,"sceneViewState":{"showFog":true,"showMaterialUpdate":true,"showSkybox":true,"showFlares":true,"showImageEffects":true,"showParticleSystems":true},"in2DMode":false,"pivot":{"x":0.7110118865966797,"y":4.421999931335449,"z":0.6072958707809448},"rotation":{"x":0.0011939408723264933,"y":-0.9942932724952698,"z":0.10629362612962723,"w":0.011341847479343415},"size":8.814690589904786,"orthographic":false}