{"cameraMode":{"drawMode":0,"name":"Shaded","section":"Shading Mode"},"sceneLighting":true,"audioPlay":false,"sceneViewState":{"showFog":true,"showMaterialUpdate":true,"showSkybox":true,"showFlares":true,"showImageEffects":true,"showParticleSystems":true},"in2DMode":false,"pivot":{"x":809.96875,"y":51.6221923828125,"z":453.69818115234377},"rotation":{"x":0.3661128282546997,"y":-0.027916954830288888,"z":0.010973984375596047,"w":0.9301003813743591},"size":863.6621704101563,"orthographic":false}